Position, Company, Location, URL, Kind
プログラマの求人の詳細, 株式会社SocialQuality, None, https://jp.indeed.com/rc/clk?jk=196dada19d464a7e&fccid=dd616958bd9ddc12&vjs=3, 
Vue.jsエンジニアの求人の詳細, 株式会社タスクインタラクティブ, 東京都 中央区, https://jp.indeed.com/company/%E6%A0%AA%E5%BC%8F%E4%BC%9A%E7%A4%BE%E3%82%BF%E3%82%B9%E3%82%AF%E3%82%A4%E3%83%B3%E3%82%BF%E3%83%A9%E3%82%AF%E3%83%86%E3%82%A3%E3%83%96/jobs/-7e348dcd35915951?fccid=7d7fca5f790a868c&vjs=3, 
Vue.jsエンジニア サービス業のシステム改修の求人の詳細, イチアール株式会社, 東京都 渋谷区, https://jp.indeed.com/company/%E3%82%A4%E3%83%81%E3%82%A2%E3%83%BC%E3%83%AB%E6%A0%AA%E5%BC%8F%E4%BC%9A%E7%A4%BE/jobs/Vue-Js-%E3%82%A8%E3%83%B3%E3%82%B8%E3%83%8B%E3%82%A2-%E3%82%B5%E3%83%BC%E3%83%93%E3%82%B9%E6%A5%AD-%E3%82%B7%E3%82%B9%E3%83%86%E3%83%A0%E6%94%B9%E4%BF%AE-af457b018fe12c50?fccid=09ae2ee7800d6870&vjs=3, 
【インターンシップ】 エンジニア/プログラマーの求人の詳細, Tety株式会社, 東京都 新宿区 新宿駅, https://jp.indeed.com/rc/clk?jk=7eba2108353087e7&fccid=ab07a299949f59c6&vjs=3, 
webデザイナー　エンジニア転職　未経験　ホームページ作成　　　の求人の詳細, 株式会社ブレイカーズ, 東京都 港区 三田, https://jp.indeed.com/company/%E6%A0%AA%E5%BC%8F%E4%BC%9A%E7%A4%BE%E3%83%96%E3%83%AC%E3%83%BC%E3%82%AB%E3%83%BC%E3%82%BA/jobs/Web-%E3%83%87%E3%82%B6%E3%82%A4%E3%83%8A%E3%83%BC-%E3%82%A8%E3%83%B3%E3%82%B8%E3%83%8B%E3%82%A2%E8%BB%A2%E8%81%B7-%E6%9C%AA%E7%B5%8C%E9%A8%93-%E3%83%9B%E3%83%BC%E3%83%A0%E3%83%9A%E3%83%BC%E3%82%B8%E4%BD%9C%E6%88%90-23f4c4658e0bdadf?fccid=3c3806a2f95a9808&vjs=3, 
システムエンジニアの求人の詳細, ツールテクノロジーズ, None, https://jp.indeed.com/rc/clk?jk=bb5710e952bec69d&fccid=3e5e0efec4434f9e&vjs=3, 
社内SE　自社サービスの開発の求人の詳細, 株式会社和多利, None, https://jp.indeed.com/rc/clk?jk=39b22d60e539167e&fccid=9f036c9b0a41e7ea&vjs=3, 
Vue.jsエンジニア 電子書籍サービス開発の求人の詳細, イチアール株式会社, 東京都 渋谷区, https://jp.indeed.com/company/%E3%82%A4%E3%83%81%E3%82%A2%E3%83%BC%E3%83%AB%E6%A0%AA%E5%BC%8F%E4%BC%9A%E7%A4%BE/jobs/Vue-Js-%E3%82%A8%E3%83%B3%E3%82%B8%E3%83%8B%E3%82%A2-%E9%9B%BB%E5%AD%90%E6%9B%B8%E7%B1%8D%E3%82%B5%E3%83%BC%E3%83%93%E3%82%B9%E9%96%8B%E7%99%BA-6c14dfeff90c72a7?fccid=09ae2ee7800d6870&vjs=3, 
SE・システムエンジニアの求人の詳細, 株式会社CONVICTION, 在宅OK in 東京都 渋谷区 神南, https://jp.indeed.com/rc/clk?jk=0a02c49c2e4ebe49&fccid=ce37210331acc054&vjs=3, 
データ入力管理システム更改(Vue.js)の求人の詳細, (株)Next Fortune, 千葉県 市川市, https://jp.indeed.com/company/(%E6%A0%AA)Next-Fortune/jobs/%E3%83%87%E3%83%BC%E3%82%BF%E5%85%A5%E5%8A%9B%E7%AE%A1%E7%90%86%E3%82%B7%E3%82%B9%E3%83%86%E3%83%A0%E6%9B%B4%E6%94%B9-6ce637de61b2e7e9?fccid=1f5b45ad8077eab8&vjs=3, 
Vue.jsエンジニア ネットバンキング向け開発の求人の詳細, イチアール株式会社, 東京都 渋谷区, https://jp.indeed.com/company/%E3%82%A4%E3%83%81%E3%82%A2%E3%83%BC%E3%83%AB%E6%A0%AA%E5%BC%8F%E4%BC%9A%E7%A4%BE/jobs/Vue-Js-%E3%82%A8%E3%83%B3%E3%82%B8%E3%83%8B%E3%82%A2-%E3%83%8D%E3%83%83%E3%83%88%E3%83%90%E3%83%B3%E3%82%AD%E3%83%B3%E3%82%B0%E5%90%91%E3%81%91%E9%96%8B%E7%99%BA-73de387a80ea5d4c?fccid=09ae2ee7800d6870&vjs=3, 
Vue.jsエンジニア 暗号資産取引所の開発/運用の求人の詳細, イチアール株式会社, 東京都 渋谷区, https://jp.indeed.com/company/%E3%82%A4%E3%83%81%E3%82%A2%E3%83%BC%E3%83%AB%E6%A0%AA%E5%BC%8F%E4%BC%9A%E7%A4%BE/jobs/Vue-Js-%E3%82%A8%E3%83%B3%E3%82%B8%E3%83%8B%E3%82%A2-%E6%9A%97%E5%8F%B7%E8%B3%87%E7%94%A3%E5%8F%96%E5%BC%95%E6%89%80-%E9%96%8B%E7%99%BA-%E9%81%8B%E7%94%A8-80afe2f4d6bb2acf?fccid=09ae2ee7800d6870&vjs=3, 
プログラマーの求人の詳細, 株式会社JUTJOY, 在宅OK in 東京都 渋谷区, https://jp.indeed.com/company/(%E6%A0%AA)JUTJOY/jobs/%E3%83%97%E3%83%AD%E3%82%B0%E3%83%A9%E3%83%9E%E3%83%BC-5d36307b74fc554c?fccid=06771bb6871599e6&vjs=3, 
Vue.Js要員の求人の詳細, 株式会社 Legame, 東京都 渋谷区 渋谷駅, https://jp.indeed.com/company/%E6%A0%AA%E5%BC%8F%E4%BC%9A%E7%A4%BE-Legame/jobs/Vue-Js-%E8%A6%81%E5%93%A1-5c9ebd78c740c664?fccid=38ff34e0bb497692&vjs=3, 
プログラマーの求人の詳細, シェアクレスト株式会社, 東京都 文京区 湯島, https://jp.indeed.com/rc/clk?jk=3348f681194b5ed9&fccid=e50c19a046352663&vjs=3, 
Customer Service Lead, XCJ, USA Only, https://weworkremotely.com/remote-jobs/xcj-customer-service-lead, Full-Time
